event_id,event_name,venue_id,event_dt
7677B2E5AEC1A2E5,Neon Harbor - Super Awesome Tour,230119,9/15/26
C02EC1296171EF6,Coat Check - Neon Harbor - Not A Concert Ticket,9463,10/30/26
6F3FD63439765F5F,Lounge - Neon Harbor - Not A Concert Ticket ,1365,10/25/26
558EE8DEEEBBEEB6,Premium Box Seating: Neon Harbor,17103,10/21/26
40D60D833B0CFCE7,The Lockers: Neon Harbor,17103,10/21/26
55A637BE391F3858,Blanket: Neon Harbor - This Is Not A Concert Ticket,369613,11/3/26
769DCF92BE78A13E,Vip Club Access: Neon Harbor (not A Concert Ticket),99308,9/25/26
791819E0FF3C4DB8,Fast Lane Access - Neon Harbor - Not A Concert Ticket,107457,10/4/26
69A745F526EBD0E7,Coat Check - Neon Harbor - Not A Concert Ticket,1365,10/25/26
25247854EB124A3,Neon Harbor - Super Awesome Tour,278677,10/5/26
8EAE80F783E53CC,Coat Check- Neon Harbor - Not A Concert Ticket,57954,10/12/26
2DE46978B857CE5A,Blanket - Neon Harbor - Not A Concert Ticket,99308,9/25/26
2935D4A7409669C4,Parking Upgrades - Neon Harbor - Not A Concert Ticket,368679,10/31/26
402C88B95432DDBD,Preferred Parking - Neon Harbor -not A Concert Ticket,9463,10/30/26
402C88B95432DDBD,Parking: Neon Harbor,123671,9/9/26
14BDFE65C9C9D97B,Fast Lane Neon Harbor,237646,10/19/26
5F8F0B0461F40209,Lawn Chair Rental - Neon Harbor (not A Concert Ticket),99308,9/25/26
417FA9218F50CEDB,Premium Box Seating: Neon Harbor,1365,10/25/26
4FB21A30F187216E,Fast Lane Access - Neon Harbor - Not A Concert Ticket,222658,9/30/26
4C1A009E78115247,Lawn Chair Rental: Neon Harbor - This Is Not A Concert Ticket,369613,11/3/26
1D1A6C64BDC79849,Lounge - Neon Harbor - Not A Concert Ticket ,1365,10/24/26
2DD4B2740315C425,Suite - Neon Harbor,181170,11/2/26
750B28080D7A5A15,Rockstar Parking Neon Harbor,237646,10/19/26
55ACB4B26AA6AB6A,Neon Harbor - Upgrades & Extras,99308,9/25/26
6F1CF3BF3614BF43,Vip Club Access Neon Harbor,237646,10/19/26
401E5FE6883DEE4C,Fast Lane Access: Neon Harbor (not A Concert Ticket),99308,9/25/26
4D1C52785EFF8A80,Neon Harbor - Super Awesome Tour,1372,10/24/26
6CD388E86B5F0C6D,Lounge Access - Neon Harbor - Fillmore New Orleans,222658,9/30/26
28DD06C3081BEE5D,Neon Harbor - Upgrades & Extras,369613,11/3/26
24E6BBE5B8D88B5A,Current Lounge Access - Neon Harbor - Not A Concert Ticket,9463,10/30/26
4AA65F8ACEB3D007,Neon Harbor - Super Awesome Tour,475421,9/29/26
7189518695549750A,Vip Club Access - Neon Harbor - Not A Concert Ticket ,246102,9/23/26
5F86B90643531CFA, Club Access - Neon Harbor - Not A Concert Ticket,475421,9/29/26
FEB33BDFCC669C2,Premier Parking: Neon Harbor,237646,10/19/26
4073D1401ECF1FE2,Neon Harbor - Super Awesome Tour,1372,10/25/26
749A693EF36E5B06,Coat Check - Neon Harbor,229781,9/13/26
6881CCE4ACE1BD1E,Premium Box Seat Neon Harbor,237646,10/19/26
455363BA7EF739B4,Vip Parking Neon Harbor,237646,10/19/26
6E8F723B0C8B82D9,Neon Harbor - Super Awesome Tour,237646,10/19/26
365DDE33AE6A3E86,Pre-show Pass - Neon Harbor - Not A Concert Ticket,475421,9/29/26
6F939E97FFA23A62,Coat Check - Neon Harbor - Not A Concert Ticket,1372,10/24/26
48C03084FB95FA7E,Neon Harbor - Super Awesome Tour,204937,9/18/26
4F8219234FFD1C4F,Neon Harbor - Super Awesome Tour,221361,10/7/26
4D59B9A4D1D00533,Neon Harbor - Super Awesome Tour,65552,10/14/26
CA50AC29B6F98FC, Lounge Access: Neon Harbor (not A Concert Ticket) 21+,9412,10/20/26
2EEC14BC399D784D,Pss And Night Of Show Upsells - Neon Harbor,246102,9/23/26
19BB8EB546A20165,Neon Harbor: Super Awesome Tour,172618,10/28/26
2EEDEBAE25A7DAFC,Fast Lane Access - Neon Harbor - Not A Concert Ticket,475421,9/29/26
176BBADC52F435B0,Fast Lane Access - Neon Harbor - Not A Concert Ticket,57954,10/12/26
CE540052553145,Neon Harbor - Super Awesome Tour,181170,11/2/26
5107872477C18738,Neon Harbor - Super Awesome Tour,9412,10/20/26
681B66D6C56135BE,Neon Harbor - Super Awesome Tour,9463,10/30/26
2E54E9A122C869B,Neon Harbor - Super Awesome Tour,114699,10/2/26
1C4D2D807267EEED,Fast Lane: Neon Harbor (not A Concert Ticket),9412,10/20/26
3C4785E4D8491ECC,Neon Harbor - Super Awesome Tour,246102,9/23/26
17D3E3ADC9A4A2E4,California Lounge: Neon Harbor - Not A Concert Ticket,229781,9/13/26
527EAC4BDEACCDDB,Neon Harbor - Super Awesome Tour,123671,9/9/26
692FF422F516B923,Coat Check - Neon Harbor - Not A Concert Ticket,475421,9/29/26
37B4AD3CBDE927BA,Neon Harbor - Super Awesome Tour,57527,10/13/26
1E8DBD41E70F288C,Neon Harbor - Super Awesome Tour,222658,9/30/26
17291EC9D59C338,Pss And Night Of Show Upsells - Neon Harbor,368680,10/31/26
39FE2E3352132608,Premier Parking: Neon Harbor,229781,9/13/26
1839BC12F23490CF,Neon Harbor - Super Awesome Tour,369613,11/3/26
1AC1B0BF1079085C,Fast Lane Access - Neon Harbor - Not A Concert Ticket,9463,10/30/26
502BFD04C859FBFD,Fast Lane Access - Neon Harbor - Not A Concert Ticket,246102,9/23/26
3D44E4C4F44C75BD,Premier Parking - Neon Harbor - Not A Concert Ticket,246102,9/23/26
16741F3E80E5E7AC,Neon Harbor - Super Awesome Tour,107457,10/4/26
59D965B0B77BFB9,Premium Parking - Neon Harbor,270550,10/10/26
50055007AA615011,Fillmore Auditorium Commemorative Ticket - Neon Harbor,246102,9/23/26
499051C532DD1A01,Coat Check- Neon Harbor - Not A Concert Ticket,246102,9/23/26
610E870E154D3BF9,Premier Parking: Neon Harbor - This Is Not A Concert Ticket,369613,11/3/26
1840EF221F3E8D4A,Pss And Night Of Show Upsells: Neon Harbor,9412,10/20/26
7F2943839BEB49E6,Clear Bag - Neon Harbor - Not A Concert Ticket,99308,9/25/26
6F2357DD6FEFC53C,Neon Harbor - Super Awesome Tour,229490,9/12/26
47873F67E9C5D20F,Vip Club Access: Neon Harbor - This Is Not A Concert Ticket,369613,11/3/26
342CE0D9F2B8C09C,Neon Harbor - Super Awesome Tour,57954,10/12/26
29747974001E8FE8,Premium Box Seats: Neon Harbor,99308,9/25/26
6B22178207E343E0,Neon Harbor: Super Awesome Tour,172618,10/27/26
771861F832C9D2E,Neon Harbor - Super Awesome Tour,229781,9/13/26
4DC2FBD804FE1B92,Neon Harbor - Super Awesome Tour,368680,10/31/26
45164542FCDB6E93,Parking Pass: Neon Harbor,17103,10/21/26
7C9F33642B017ABB,City View Lounge - Neon Harbor - Not An Event Ticket,181170,11/2/26
59603C14466F3D6,Neon Harbor - Super Awesome Tour,131099,10/17/26
C31FC51F97CA914,Neon Harbor - Super Awesome Tour,17103,10/21/26
6B0AA50641BF3DD4,Neon Harbor - Super Awesome Tour,189315,9/16/26
598F8A0FF6E05C7E,Premium Box Seating: Neon Harbor,1372,10/24/26
24E1D0C081D63249,Lounge - Neon Harbor - Not A Concert Ticket,368679,10/31/26
52708D5F25E5BA86,Vip Terrace Access- Neon Harbor - Not A Concert Ticket,57954,10/12/26
36A873DDD53551E4,Neon Harbor - Super Awesome Tour,99308,9/25/26
902D94B6B0D6185,Fast Lane Access - Neon Harbor - Not A Concert Ticket,368680,10/31/26
73B84BA4663EFB91,Pss And Night Of Show Upsells - Neon Harbor,57954,10/12/26
4E2A17F12BB5103F,Premium Table Seating - Neon Harbor,270550,10/10/26
1795D7A2E3C39F38,Neon Harbor - Super Awesome Tour,82078,9/21/26
7AF8D5EABB1D1351,Neon Harbor - Super Awesome Tour,270550,10/10/26
6F0D83FFC02C1931,Premium Box Seats - Neon Harbor,9463,10/30/26
98749838C34B4EA, Lounge Access - Neon Harbor - Not A Concert Ticket ,107457,10/4/26
138CCF35099DCFC8, Fast Lane: Neon Harbor - This Is Not A Concert Ticket,369613,11/3/26
6E11A5BAF9816742,Neon Harbor - Super Awesome Tour,82840,9/20/26
15DD9DF358193E0B,Neon Harbor - Super Awesome Tour,476223,9/27/26
572CC4088CA65B09,Valet Parking - Neon Harbor - Not A Concert Ticket,107457,10/4/26
3C81E469E43F19CD,Box Seats: Neon Harbor,229781,9/13/26
507FA13672DEC53D,Salle Access: Neon Harbor,17103,10/21/26
3E0C5840C1946022,Pre-show Access: Neon Harbor (not A Concert Ticket) 21+,9412,10/20/26